"sender_address","recipient_address","ipfs_hash","file_name","date","signature"
"aleo1j209w95ynw5s3e9sq4ha99fxwqs8wr9hzs4v6szkht0wzasdavgsartemk","aleo18s7l90nhhw6jsz60wl6la0k8zzp2q7u5esdjmr7xpyl9d96rzvgsz2n4kx","QmRQ3ero92QYUfsQq5gKUrkXJfPaEMULupg6eVsYkRm222",NULL,1672300672088,NULL
"aleo1j209w95ynw5s3e9sq4ha99fxwqs8wr9hzs4v6szkht0wzasdavgsartemk","aleo18s7l90nhhw6jsz60wl6la0k8zzp2q7u5esdjmr7xpyl9d96rzvgsz2n4kx","QmRQ3ero92QYUfsQq5gKUrkXJfPaEMULupg6eVsYkRmV8i",NULL,1672306076433,NULL
"aleo1j209w95ynw5s3e9sq4ha99fxwqs8wr9hzs4v6szkht0wzasdavgsartemk","aleo18s7l90nhhw6jsz60wl6la0k8zzp2q7u5esdjmr7xpyl9d96rzvgsz2n4kx","QmRQ3ero92QYUfsQq5gKUrkXJfPaEMULupg6eVsYkRmV8i333",NULL,1672306103752,NULL
"aleo1j209w95ynw5s3e9sq4ha99fxwqs8wr9hzs4v6szkht0wzasdavgsartemk","aleo18s7l90nhhw6jsz60wl6la0k8zzp2q7u5esdjmr7xpyl9d96rzvgsz2n4kx","QmRQ3ero92QYUfsQq5gKUrkXJfPaEMULupg6eVsYkRmV8i",NULL,1672309405545,NULL
"aleo1j209w95ynw5s3e9sq4ha99fxwqs8wr9hzs4v6szkht0wzasdavgsartemk","aleo18s7l90nhhw6jsz60wl6la0k8zzp2q7u5esdjmr7xpyl9d96rzvgsz2n4kx","QmRQ3ero92QYUfsQq5gKUrkXJfPaEMULupg6eVsYkRmV888",NULL,1672309411163,NULL
"aleo1c2p34839jz49rrqau3222dz8agk87kmysxvyg7g2gtzwrnltf59qyqdd54","aleo18s7l90nhhw6jsz60wl6la0k8zzp2q7u5esdjmr7xpyl9d96rzvgsz2n4kx","QmTJK8qSqjbncE4FdG1jF7UT4LSwdoYSxCudVFdTqBBpcQ",NULL,1672398195746,NULL
"aleo1c2p34839jz49rrqau3222dz8agk87kmysxvyg7g2gtzwrnltf59qyqdd54","aleo1mlw729gzhv4yna977yxzct8ajkhrp3dn5zqwvp9wmex6dv3rl5pq28mvhl","QmPMykL31BSTnkLRvSHP7dQFD39CPnoaZg3r4Kv2hde4TC",NULL,1672412849301,NULL
"aleo1c2p34839jz49rrqau3222dz8agk87kmysxvyg7g2gtzwrnltf59qyqdd54","aleo1mlw729gzhv4yna977yxzct8ajkhrp3dn5zqwvp9wmex6dv3rl5pq28mvhl","QmeGBFac3bfkSd523Zkc3fLCdFKiZPDRVUDiZxxsvZ5wGX",NULL,1672415148869,NULL
"aleo1783v3evg6gzsm8wuyyc35kd88paj32arjdzdezx23gm85t3hncqsn76m74","aleo1rfwxjy4h2earn3ac89azml9sfawncnszzsxp684vc6yntchcnuyqkdu09d","QmSQv6RHqnrCkE89JrYPB5QYN5Ychx3KHbKaVypRUf7pmz",NULL,1672415817933,NULL
"aleo1zuw93sdzx5fzeqh8rpwtu7gp6lt8nehmamtv8vse8uzwrz44vsrqnj7tyx","aleo1mj5hw6vnvn3avv2fqafe77zglnmz8r42x3fm06jl744j4tp7wyrqry87fx","QmYo23wt7D9dG7uohvJ2z1Lm65kjYPc7qqrLgg5qi2SfkU",NULL,1672419328452,NULL
"aleo1zuw93sdzx5fzeqh8rpwtu7gp6lt8nehmamtv8vse8uzwrz44vsrqnj7tyx","aleo1mj5hw6vnvn3avv2fqafe77zglnmz8r42x3fm06jl744j4tp7wyrqry87fx","QmdAGhGzhn3ibsmLrYCMZ3wm7et2eq4TUxTuPbEX1qrddU",NULL,1672420771432,NULL
"aleo1zuw93sdzx5fzeqh8rpwtu7gp6lt8nehmamtv8vse8uzwrz44vsrqnj7tyx","aleo1mj5hw6vnvn3avv2fqafe77zglnmz8r42x3fm06jl744j4tp7wyrqry87fx","QmNZAYSRivaXhUmgUGwa5Pa1R631ffcfvrkzfqGWaddAA3",NULL,1672421093207,NULL
"aleo1zuw93sdzx5fzeqh8rpwtu7gp6lt8nehmamtv8vse8uzwrz44vsrqnj7tyx","aleo1mj5hw6vnvn3avv2fqafe77zglnmz8r42x3fm06jl744j4tp7wyrqry87fx","QmRCXmiHpyiFNmxLywKD9utR1BCU38fKDP6xSWXsYoEkxa",NULL,1672423604592,NULL
"aleo1zuw93sdzx5fzeqh8rpwtu7gp6lt8nehmamtv8vse8uzwrz44vsrqnj7tyx","aleo1mj5hw6vnvn3avv2fqafe77zglnmz8r42x3fm06jl744j4tp7wyrqry87fx","QmNkaFyYC9iJ8CXmXmJaWFRgsYKmJ5sKWagCwvKnNFVHm4",NULL,1672424692491,NULL
"aleo1zuw93sdzx5fzeqh8rpwtu7gp6lt8nehmamtv8vse8uzwrz44vsrqnj7tyx","aleo1mj5hw6vnvn3avv2fqafe77zglnmz8r42x3fm06jl744j4tp7wyrqry87fx","QmbonPXhB2WL8xXa66YMVVrT7yJZn3j8N7dBL6CbcpMJCg",NULL,1672430364682,NULL
"aleo1zuw93sdzx5fzeqh8rpwtu7gp6lt8nehmamtv8vse8uzwrz44vsrqnj7tyx","aleo1mj5hw6vnvn3avv2fqafe77zglnmz8r42x3fm06jl744j4tp7wyrqry87fx","QmWuZVfJmMPBARKzbLJhD35U5NB22bQeUJQnRQ42PWUSA8",NULL,1672436281732,NULL
"aleo1zuw93sdzx5fzeqh8rpwtu7gp6lt8nehmamtv8vse8uzwrz44vsrqnj7tyx","aleo1mj5hw6vnvn3avv2fqafe77zglnmz8r42x3fm06jl744j4tp7wyrqry87fx","QmRXw5ui68gL3wQXbzdNspHXuWUrQt1NSqfpHBc7FPetL7",NULL,1672436949833,NULL
"aleo1zuw93sdzx5fzeqh8rpwtu7gp6lt8nehmamtv8vse8uzwrz44vsrqnj7tyx","aleo1mj5hw6vnvn3avv2fqafe77zglnmz8r42x3fm06jl744j4tp7wyrqry87fx","QmbaaYrkpz1sfL7GDgW51X1hjpvF63BoUaBTtgoKjttEU8",NULL,1672437138675,NULL
"aleo1mj5hw6vnvn3avv2fqafe77zglnmz8r42x3fm06jl744j4tp7wyrqry87fx","aleo1mj5hw6vnvn3avv2fqafe77zglnmz8r42x3fm06jl744j4tp7wyrqry87fx","QmQqUTLDzmLrGDLCEGDGRxgi5pYTyX982y4WV5KGL1tPqT",NULL,1672437490858,NULL
"aleo1zuw93sdzx5fzeqh8rpwtu7gp6lt8nehmamtv8vse8uzwrz44vsrqnj7tyx","aleo1mj5hw6vnvn3avv2fqafe77zglnmz8r42x3fm06jl744j4tp7wyrqry87fx","QmbLLMDRfuEGUwK2pHBxGgUZRioCm7HxDPbtj8o6TSLfon",NULL,1672437657612,NULL
"aleo1h8q7lcs9my6h98jrtxva2grcwwsgxpsj6qlqahjvctksdmtewvpqz5gxzh","aleo17ym4jny0k9wk9qa8m055hh4qq3he4rmukpmk65l9229s36z9tg9qaxze3v","QmeVLUWCTAbkjHXkdDJZKPUFgagsdKV6qenNgJFpWGANDC",NULL,1672506226866,NULL
"aleo1j209w95ynw5s3e9sq4ha99fxwqs8wr9hzs4v6szkht0wzasdavgsartemk","aleo18s7l90nhhw6jsz60wl6la0k8zzp2q7u5esdjmr7xpyl9d96rzvgsz2n4kx","QmRQ3ero92QYUfsQq5gKUrkXJfPaEMULupg6eVsYkRmV8i",NULL,1672669228627,NULL
"aleo1j209w95ynw5s3e9sq4ha99fxwqs8wr9hzs4v6szkht0wzasdavgsartemk","aleo18s7l90nhhw6jsz60wl6la0k8zzp2q7u5esdjmr7xpyl9d96rzvgsz2n4kx","IPFSHASH0001",NULL,1672669238197,NULL
"aleo1j209w95ynw5s3e9sq4ha99fxwqs8wr9hzs4v6szkht0wzasdavgsartemk","aleo18s7l90nhhw6jsz60wl6la0k8zzp2q7u5esdjmr7xpyl9d96rzvgsz2n4kx","IPFSHASH0007",NULL,1672669610494,NULL
"aleo1mj5hw6vnvn3avv2fqafe77zglnmz8r42x3fm06jl744j4tp7wyrqry87fx","aleo18s7l90nhhw6jsz60wl6la0k8zzp2q7u5esdjmr7xpyl9d96rzvgsz2n4kx","QmSZmtWwD3xRMZiAYGEA8biGWVjUv81kg2BwY7HGxTWs3P",NULL,1672670978056,NULL
"aleo1mj5hw6vnvn3avv2fqafe77zglnmz8r42x3fm06jl744j4tp7wyrqry87fx","aleo18s7l90nhhw6jsz60wl6la0k8zzp2q7u5esdjmr7xpyl9d96rzvgsz2n4kx","QmNtvtovNqqXx7WYZgLTtu9XeD2PcJYKrKc2QhP4xhbyyE",NULL,1672744525688,NULL
"aleo17htfzc0vhzwludulu7lnttwddvs2njwtsvlwg0grkmvpzjpj8qxqj4vv0c","aleo17htfzc0vhzwludulu7lnttwddvs2njwtsvlwg0grkmvpzjpj8qxqj4vv0c","QmQ7VLGKRMgqTJ4ShoC9sSiVCWPYVTEFoexqJsv7uTPCpj",NULL,1672765696927,NULL
"aleo1mj5hw6vnvn3avv2fqafe77zglnmz8r42x3fm06jl744j4tp7wyrqry87fx","aleo1mj5hw6vnvn3avv2fqafe77zglnmz8r42x3fm06jl744j4tp7wyrqry87fx","QmPDD1BmKVvujhxguA5yy3Nu8TZ4V7P9Mii6WftDK7LicS",NULL,1672835174993,NULL
"aleo1mj5hw6vnvn3avv2fqafe77zglnmz8r42x3fm06jl744j4tp7wyrqry87fx","aleo1mj5hw6vnvn3avv2fqafe77zglnmz8r42x3fm06jl744j4tp7wyrqry87fx","QmaCiiF2hBE9jDchaxLLFunP5qLqxc1LhrPFV5cWVEMf2e",NULL,1672835276972,NULL
"aleo1mj5hw6vnvn3avv2fqafe77zglnmz8r42x3fm06jl744j4tp7wyrqry87fx","aleo18s7l90nhhw6jsz60wl6la0k8zzp2q7u5esdjmr7xpyl9d96rzvgsz2n4kx","QmNpfjWZRvnc8t72KZxQh8Xnhi2go98fL2ZDvoCX4iQ2yC",NULL,1672841613546,NULL
"aleo1lua7vspplt76tywekkfqgv3rhwx4rslmzy93j0eytw3es45m6cxstum0m7","aleo1cn4q9e6mhv7q5c59l5yu3hwn588s72md4nzdjt8rzcgamdpfkgzs6mcrmn","QmdhMB6J2a7wdKZQGxaQVJR1GPMxT7DAFxxH86inccMqkt",NULL,1672842314492,NULL
"aleo1yxq309gpmyztrtcpxgnthqtxsc0c64hd87nzhkmy8vk8c52gaszsq0nscw","aleo1xa5mcnn9pjhurr8apyuecpd8nxhfrqc7l22w8keje8nfuslhygrsymmy2g","QmWpQiHG7He6BMNavieATtiixmAKH5sMQcKddqAh6vALUz",NULL,1672842544746,NULL
"aleo1xa5mcnn9pjhurr8apyuecpd8nxhfrqc7l22w8keje8nfuslhygrsymmy2g","aleo1xa5mcnn9pjhurr8apyuecpd8nxhfrqc7l22w8keje8nfuslhygrsymmy2g","QmcUskqpnoGZax5G91MA2z7xuBRzChdY6Gqk8vK4MUXca9",NULL,1672842595149,NULL
"aleo1mj5hw6vnvn3avv2fqafe77zglnmz8r42x3fm06jl744j4tp7wyrqry87fx","aleo1sk93kcyrgt4k2sp837tukacqeah776qve76047fdvs88kcpfeqxqjzv93q","QmdcjUdEq9EhhX2aDhbAT9296wQ7w4hHEHaJC3JjwoFvCg",NULL,1672865853329,NULL
"aleo1msjxjelfjem9v9ta4xsvsgfnux84zp4cw5pevq6v4cx0tkqalcqscydyug","aleo1ufl5aex328u85xjjf2p3q48tm750du9g5fxj0puq8lzanl0ytvrsl4tyue","Qmd8nUwBdHuTBThDPpnJUv9cb4AmTmSiZvLdcYDPz2Um8U",NULL,1673000024694,NULL
"aleo1ufl5aex328u85xjjf2p3q48tm750du9g5fxj0puq8lzanl0ytvrsl4tyue","aleo1ufl5aex328u85xjjf2p3q48tm750du9g5fxj0puq8lzanl0ytvrsl4tyue","QmZJqQvEGySiRcxXo6QEJMcwizswBX49coyiECCUvGVDPo",NULL,1673000066369,NULL
"aleo1ufl5aex328u85xjjf2p3q48tm750du9g5fxj0puq8lzanl0ytvrsl4tyue","aleo1ufl5aex328u85xjjf2p3q48tm750du9g5fxj0puq8lzanl0ytvrsl4tyue","QmST9nYQsV7RkFY2s5HTWdBBDvecSdyLbzRbnHCbWADBpH",NULL,1673000073840,NULL
"aleo1zuw93sdzx5fzeqh8rpwtu7gp6lt8nehmamtv8vse8uzwrz44vsrqnj7tyx","aleo1mj5hw6vnvn3avv2fqafe77zglnmz8r42x3fm06jl744j4tp7wyrqry87fx","QmUUERpKDMn9ksQtt94srrdLmuTSknHjr8CCPc79g6pbGq",NULL,1673284778776,NULL
"aleo1zuw93sdzx5fzeqh8rpwtu7gp6lt8nehmamtv8vse8uzwrz44vsrqnj7tyx","aleo1mj5hw6vnvn3avv2fqafe77zglnmz8r42x3fm06jl744j4tp7wyrqry87fx","QmPgFsvmSWfxhE9TZTfLQNDQrPRDQkJzyZ1EUKE9Rou1Qk",NULL,1673285159001,"sign100mwuvvyqksw2kas26dwz379uq9qmed92pxneqmd7rqcdxhz75q86udre6w75pyvrx9f2zd57zje42970m2qe7svktvsp45e8yqvzqmvqp03dv036ad7epd6xpmlgawa9yqx84glnpqcyyyeytfj6qnwqreez93ratwk2ry9t79ra5q89aga697tx58k2j2ww68knghtjxjsvgzngxr"
"aleo1zuw93sdzx5fzeqh8rpwtu7gp6lt8nehmamtv8vse8uzwrz44vsrqnj7tyx","aleo1mj5hw6vnvn3avv2fqafe77zglnmz8r42x3fm06jl744j4tp7wyrqry87fx","QmQnsLXFcH2JyGKeH1S8hAMBTd7cbF6wGEBXpUBpxBWoim",NULL,1673286955729,"sign1stkq2ccsrgxf2kqn5yradvlhhdzfnktl6x5d0vj35e4fdd9ucgqcwwy2tcna6h6ghhjkx87nun6ld05q5ge6xqzduwkzkd3lyep3jqrvqp03dv036ad7epd6xpmlgawa9yqx84glnpqcyyyeytfj6qnwqreez93ratwk2ry9t79ra5q89aga697tx58k2j2ww68knghtjxjsvjppumn"
"aleo1zuw93sdzx5fzeqh8rpwtu7gp6lt8nehmamtv8vse8uzwrz44vsrqnj7tyx","aleo1zuw93sdzx5fzeqh8rpwtu7gp6lt8nehmamtv8vse8uzwrz44vsrqnj7tyx","QmatVtqTVNniHhsR8Mc9HGW3LTZjfod8JXvcr3aHXsFQK7",NULL,1673288072838,"sign1u4e84g2amym2aeq8u4xehm54k2fr6mxz2zycwac66g3cq0szhspxgnlece6clu3x8dwhlhr8dvqdzplappzh6x5ad38skpnmfyv3yqtvqp03dv036ad7epd6xpmlgawa9yqx84glnpqcyyyeytfj6qnwqreez93ratwk2ry9t79ra5q89aga697tx58k2j2ww68knghtjxjsveqfmw6"
"aleo1zuw93sdzx5fzeqh8rpwtu7gp6lt8nehmamtv8vse8uzwrz44vsrqnj7tyx","aleo1mj5hw6vnvn3avv2fqafe77zglnmz8r42x3fm06jl744j4tp7wyrqry87fx","Qmf1KoqFep7WnB3KPPupCGpe3kEPBPR2GFMxwGDUFTyFne",NULL,1673352110745,"sign1jpd75cpuwcd7w738vc77ccxfxtn9ck9k5z47el0zn8xv44s3ugq8m6mxhjwa80pz2tssl7rhspc62ud05nuu6q42cr8d5vrgqjyavqrvqp03dv036ad7epd6xpmlgawa9yqx84glnpqcyyyeytfj6qnwqreez93ratwk2ry9t79ra5q89aga697tx58k2j2ww68knghtjxjsvtc30ds"
"aleo1mj5hw6vnvn3avv2fqafe77zglnmz8r42x3fm06jl744j4tp7wyrqry87fx","aleo1s0r32k8nfugps802p3dw5v5wymwzzps0xfcnll90dly9mkxq2gxs9y9p7j","QmcrptkFQTXAWKrBNESVJ27P32sNZsFs93Vh5iefuu2LKS",NULL,1673354506945,"sign1j6x463yh9q0cmc75mpwhy4vuugfud5kersx5qg29a0ng6y23wcqqq5prvhp4ekaa9j5arlu243zjpv8jq7prn24wt72tq92lfxmu2qxzj0krwpwd02h9kmast56wpua8vqczca4evfxdvsyy5elrgewmpyszhcht8zskarkxkwn39w8vrptdax0muty9k76u3r7d82az4nzq2nxau8v"
"aleo1mj5hw6vnvn3avv2fqafe77zglnmz8r42x3fm06jl744j4tp7wyrqry87fx","aleo18s7l90nhhw6jsz60wl6la0k8zzp2q7u5esdjmr7xpyl9d96rzvgsz2n4kx","QmPKPVaNR8ZMjrcme4pojsgMGCWQjMaSFw7wYgUufig2mk",NULL,1673354611127,"sign1ztwqnl7fugu5ctk6dx085nh5eqlh53thh2x7tg22jrh2x6zsgsq27wvk9qzr8jzvsvazj5r7zrun9essz2uacjjaudrsn2juguzluqxzj0krwpwd02h9kmast56wpua8vqczca4evfxdvsyy5elrgewmpyszhcht8zskarkxkwn39w8vrptdax0muty9k76u3r7d82az4nzq2ptg0fl"
"aleo1mj5hw6vnvn3avv2fqafe77zglnmz8r42x3fm06jl744j4tp7wyrqry87fx","aleo18s7l90nhhw6jsz60wl6la0k8zzp2q7u5esdjmr7xpyl9d96rzvgsz2n4kx","QmQBuMad2skxNHnSM7hU5UthcRa1QxtgLWpqCfoNxXTQ5e",NULL,1673355111346,"sign1wh7q9uwvzhn3c0chxf92knks4gjd9xmds73yej63t89kpsmxnyp9lknac8mcyfzs9ty5ulap0njwz4ytesrth7z4727jd3ftz5axkqwzj0krwpwd02h9kmast56wpua8vqczca4evfxdvsyy5elrgewmpyszhcht8zskarkxkwn39w8vrptdax0muty9k76u3r7d82az4nzq2mp2t4m"
"aleo1mj5hw6vnvn3avv2fqafe77zglnmz8r42x3fm06jl744j4tp7wyrqry87fx","aleo18s7l90nhhw6jsz60wl6la0k8zzp2q7u5esdjmr7xpyl9d96rzvgsz2n4kx","QmVp9u2qU8nyk3NxD6DKU6xK7GWLWFYQ5vxDv4NdmFHchb",NULL,1673355116516,"sign1s2nrft020mv5zh4cmlqhahupg5v3jqkxwvzl9ahv4w0mc2ehs5p4eepasmycr99s5kj4wza79qejuykctej89w35qp46vphtmtajwqwzj0krwpwd02h9kmast56wpua8vqczca4evfxdvsyy5elrgewmpyszhcht8zskarkxkwn39w8vrptdax0muty9k76u3r7d82az4nzq2qfu4uk"
